[
{
    "model": "backend_api.space_projecttranslation",
    "pk": 1,
    "fields": {
        "name": "Potential",
        "description": "The space scientific experiment \"Potential\" on the ionosphere aboard the Ukrainian Sich-2 microsatellite (2011-2012)",
        "language_code": "en",
        "master": 1
    }
},
{
    "model": "backend_api.space_projecttranslation",
    "pk": 2,
    "fields": {
        "name": "\u041f\u043e\u0442\u0435\u043d\u0446\u0456\u0430\u043b",
        "description": "\u041d\u0430\u0443\u043a\u043e\u0432\u0438\u0439 \u0456\u043e\u043d\u043e\u0441\u0444\u0435\u0440\u043d\u0438\u0439 \u043a\u043e\u0441\u043c\u0456\u0447\u043d\u0438\u0439 \u0435\u043a\u0441\u043f\u0435\u0440\u0438\u043c\u0435\u043d\u0442 \"\u041f\u043e\u0442\u0435\u043d\u0446\u0456\u0430\u043b\" \u043d\u0430 \u0431\u043e\u0440\u0442\u0443 \u0443\u043a\u0440\u0430\u0457\u043d\u0441\u044c\u043a\u043e\u0433\u043e \u043c\u0456\u043a\u0440\u043e\u0441\u0443\u043f\u0443\u0442\u043d\u0438\u043a\u0430 \"\u0421\u0456\u0447-2\" (2011-2012)",
        "language_code": "uk",
        "master": 1
    }
},
{
    "model": "backend_api.space_projecttranslation",
    "pk": 3,
    "fields": {
        "name": "Variant",
        "description": "The space scientific experiment \"Variant\" on the ionosphere aboard the Ukrainian Sich-1M satellite (2004-2005)",
        "language_code": "en",
        "master": 2
    }
},
{
    "model": "backend_api.space_projecttranslation",
    "pk": 4,
    "fields": {
        "name": "\u0412\u0430\u0440\u0456\u0430\u043d\u0442",
        "description": "\u041d\u0430\u0443\u043a\u043e\u0432\u0438\u0439 \u0456\u043e\u043d\u043e\u0441\u0444\u0435\u0440\u043d\u0438\u0439 \u043a\u043e\u0441\u043c\u0456\u0447\u043d\u0438\u0439 \u0435\u043a\u0441\u043f\u0435\u0440\u0438\u043c\u0435\u043d\u0442 \"\u0412\u0430\u0440\u0456\u0430\u043d\u0442\" \u043d\u0430 \u0431\u043e\u0440\u0442\u0443 \u0443\u043a\u0440\u0430\u0457\u043d\u0441\u044c\u043a\u043e\u0433\u043e \u0441\u0443\u043f\u0443\u0442\u043d\u0438\u043a\u0430 \"\u0421\u0456\u0447-1\u041c\" (2004-2005)",
        "language_code": "uk",
        "master": 2
    }
},
{
    "model": "backend_api.space_project",
    "pk": 1,
    "fields": {
        "klass": [
            "classes.potential.Potential"
        ],
        "date_start": "2011-08-30",
        "date_end": "2012-11-01"
    }
},
{
    "model": "backend_api.space_project",
    "pk": 2,
    "fields": {
        "klass": [
            "classes.variant.Variant"
        ],
        "date_start": "2005-02-01",
        "date_end": "2005-03-26"
    }
},
{
    "model": "backend_api.devicetranslation",
    "pk": 1,
    "fields": {
        "name": "Electric probe (EP)",
        "description": "Electric probes are intended for the measurement of electric field intensity in space plasma with the help of two similar probes placed at a known distance. Potential project used a single probe setup that can be used to measure the spacecraft's own electric potential.",
        "language_code": "en",
        "master": 1
    }
},
{
    "model": "backend_api.devicetranslation",
    "pk": 2,
    "fields": {
        "name": "\u0415\u043b\u0435\u043a\u0442\u0440\u0438\u0447\u043d\u0438\u0439 \u0437\u043e\u043d\u0434 (EP)",
        "description": "\u0414\u0430\u0432\u0430\u0447 \u0435\u043b\u0435\u043a\u0442\u0440\u0438\u0447\u043d\u043e\u0433\u043e \u043f\u043e\u0442\u0435\u043d\u0446\u0456\u0430\u043b\u0443 \u043f\u0440\u0438\u0437\u043d\u0430\u0447\u0435\u043d\u0438\u0439 \u0434\u043b\u044f \u0432\u0438\u043c\u0456\u0440\u044e\u0432\u0430\u043d\u043d\u044f \u043d\u0430\u043f\u0440\u0443\u0436\u0435\u043d\u043e\u0441\u0442\u0456 \u0437\u043c\u0456\u043d\u043d\u043e\u0433\u043e \u0435\u043b\u0435\u043a\u0442\u0440\u0438\u0447\u043d\u043e\u0433\u043e \u043f\u043e\u043b\u044f \u0443 \u043a\u043e\u0441\u043c\u0456\u0447\u043d\u0456\u0439 \u043f\u043b\u0430\u0437\u043c\u0456 \u0437\u0430 \u0434\u043e\u043f\u043e\u043c\u043e\u0433\u043e\u044e \u0434\u0432\u043e\u0445 \u043f\u043e\u0434\u0456\u0431\u043d\u0438\u0445 \u0434\u0430\u0432\u0430\u0447\u0456\u0432, \u0440\u043e\u0437\u043d\u0435\u0441\u0435\u043d\u0438\u0445 \u043d\u0430 \u0432\u0456\u0434\u043e\u043c\u0443 \u0432\u0456\u0434\u0441\u0442\u0430\u043d\u044c. \u0410\u043b\u0435 \u0432 \u043a\u043e\u0441\u043c\u0456\u0447\u043d\u043e\u043c\u0443 \u0435\u043a\u0441\u043f\u0435\u0440\u0438\u043c\u0435\u043d\u0442\u0456 \u041f\u043e\u0442\u0435\u043d\u0446\u0456\u0430\u043b \u0432\u0456\u043d \u0431\u0443\u0432 \u043e\u0434\u0438\u043d :(",
        "language_code": "uk",
        "master": 1
    }
},
{
    "model": "backend_api.devicetranslation",
    "pk": 3,
    "fields": {
        "name": "Neutral gas parameters sensor (NCP)",
        "description": "A system of two pressure probes using an inverse-magnetron converter as a sensor. (The device to produce the i/v characteristics from which the ITM team is to obtain the neutral gas density and pressure.)",
        "language_code": "en",
        "master": 2
    }
},
{
    "model": "backend_api.devicetranslation",
    "pk": 4,
    "fields": {
        "name": "\u0414\u0430\u0442\u0447\u0438\u043a \u043f\u0430\u0440\u0430\u043c\u0435\u0442\u0440\u0456\u0432 \u043d\u0435\u0439\u0442\u0440\u0430\u043b\u044c\u043d\u043e\u0433\u043e \u0433\u0430\u0437\u0443 (\u041d\u041a\u041f)",
        "description": "\u041d\u041a\u041f \u0441\u043a\u043b\u0430\u0434\u0430\u0454\u0442\u044c\u0441\u044f \u0437 \u0434\u0432\u043e\u0445 \u0437\u043e\u043d\u0434\u0456\u0432 \u0442\u0438\u0441\u043a\u0443 \u0437 \u0456\u043d\u0432\u0435\u0440\u0441\u043d\u043e-\u043c\u0430\u0433\u043d\u0435\u0442\u0440\u043e\u043d\u043d\u0438\u043c \u043f\u0435\u0440\u0435\u0442\u0432\u043e\u0440\u044e\u0432\u0430\u0447\u0435\u043c \u0432 \u044f\u043a\u043e\u0441\u0442\u0456 \u0447\u0443\u0442\u043b\u0438\u0432\u043e\u0433\u043e \u0435\u043b\u0435\u043c\u0435\u043d\u0442\u0443",
        "language_code": "uk",
        "master": 2
    }
},
{
    "model": "backend_api.devicetranslation",
    "pk": 5,
    "fields": {
        "name": "Plasma parameters sensor (ECP)",
        "description": "A single cylindrical Langmiur probe measuring 0.05 cm in radius with 12 cm in length along with a protective electrode measuring 0.2 cm in radius and 12.5 cm in length. (The device to produce the i/v characteristics from which the ITM team is to obtain the plasma density and the electron temperature)",
        "language_code": "en",
        "master": 3
    }
},
{
    "model": "backend_api.devicetranslation",
    "pk": 6,
    "fields": {
        "name": "\u0414\u0430\u0442\u0447\u0438\u043a \u043f\u0430\u0440\u0430\u043c\u0435\u0442\u0440\u0456\u0432 \u0435\u043b\u0435\u043a\u0442\u0440\u043e\u043d\u043d\u043e\u0457 \u043a\u043e\u043c\u043f\u043e\u043d\u0435\u043d\u0442\u0438 \u043f\u043b\u0430\u0437\u043c\u0438 (\u0415\u041a\u041f)",
        "description": "\u041e\u0434\u0438\u043d\u0438\u0447\u043d\u0438\u0439 \u0446\u0438\u043b\u0456\u043d\u0434\u0440\u0438\u0447\u043d\u0438\u0439 \u0437\u043e\u043d\u0434 \u041b\u0435\u043d\u0433\u043c\u044e\u0440\u0430 \u0440\u0430\u0434\u0456\u0443\u043e\u043c 0,05 \u0441\u043c \u0456 \u0434\u043e\u0432\u0436\u0438\u043d\u043e\u044e 12 \u0441\u043c \u0437 \u043e\u0445\u043e\u0440\u043e\u043d\u043d\u0438\u043c \u0435\u043b\u0435\u043a\u0442\u0440\u043e\u0434\u043e\u043c \u0440\u0430\u0434\u0456\u0443\u0441\u043e\u043c 0,2 \u0441\u043c \u0434\u043e\u0432\u0436\u0438\u043d\u043e\u044e 12,5 \u0441\u043c",
        "language_code": "uk",
        "master": 3
    }
},
{
    "model": "backend_api.devicetranslation",
    "pk": 7,
    "fields": {
        "name": "Set of 4 Electric probes (EZ1, EZ2, EZ3, EZ4)",
        "description": "",
        "language_code": "en",
        "master": 4
    }
},
{
    "model": "backend_api.devicetranslation",
    "pk": 8,
    "fields": {
        "name": "\u041a\u043e\u043c\u043f\u043b\u0435\u043a\u0441 \u0437 4 \u0435\u043b\u0435\u043a\u0442\u0440\u0438\u0447\u043d\u0438\u0445 \u0437\u043e\u043d\u0434\u0456\u0432 (EZ1, EZ2, EZ3, EZ4)",
        "description": "",
        "language_code": "uk",
        "master": 4
    }
},
{
    "model": "backend_api.devicetranslation",
    "pk": 9,
    "fields": {
        "name": "\u041a\u043e\u043c\u043f\u043b\u0435\u043a\u0441 \u0437 \u0434\u0432\u043e\u0445 \u0445\u0432\u0438\u043b\u044c\u043e\u0432\u0438\u0445 \u0437\u043e\u043d\u0434\u0456\u0432 (WZ1, WZ2)",
        "description": "\u041a\u043e\u043c\u043f\u043b\u0435\u043a\u0441 \u0437 \u0434\u0432\u043e\u0445 \u0445\u0432\u0438\u043b\u044c\u043e\u0432\u0438\u0445 \u0437\u043e\u043d\u0434\u0456\u0432 (WZ1, WZ2), \u0449\u043e \u0432\u0438\u043c\u0456\u0440\u044e\u044e\u0442\u044c \u0434\u0432\u0456 \u043e\u0440\u0442\u043e\u0433\u043e\u043d\u0430\u043b\u044c\u043d\u0456 \u043a\u043e\u043c\u043f\u043e\u043d\u0435\u043d\u0442\u0438 \u0437\u043c\u0456\u043d\u043d\u043e\u0433\u043e \u043c\u0430\u0433\u043d\u0456\u0442\u043d\u043e\u0433\u043e \u043f\u043e\u043b\u044f (Bx, By) \u0442\u0430 \u0434\u0432\u0456 \u043a\u043e\u043c\u043f\u043e\u043d\u0435\u043d\u0442\u0438 \u0433\u0443\u0441\u0442\u0438\u043d\u0438 \u0437\u043c\u0456\u043d\u043d\u043e\u0433\u043e \u0435\u043b\u0435\u043a\u0442\u0440\u0438\u0447\u043d\u043e\u0433\u043e \u0441\u0442\u0440\u0443\u043c\u0443 (Jxz, Jyz)",
        "language_code": "uk",
        "master": 5
    }
},
{
    "model": "backend_api.devicetranslation",
    "pk": 10,
    "fields": {
        "name": "Set of 2 Wave probes (WZ1, WZ2)",
        "description": "A complex of two wave probes (WZ1, WZ2) measuring two orthogonal variable components of the magnetic field (Bx, By) and two variable components of the current electric density (Jxz, Jyz)",
        "language_code": "en",
        "master": 5
    }
},
{
    "model": "backend_api.devicetranslation",
    "pk": 11,
    "fields": {
        "name": "Faraday cups (FC1, FC2)",
        "description": "",
        "language_code": "en",
        "master": 6
    }
},
{
    "model": "backend_api.devicetranslation",
    "pk": 12,
    "fields": {
        "name": "Rogowski coil",
        "description": "",
        "language_code": "en",
        "master": 7
    }
},
{
    "model": "backend_api.devicetranslation",
    "pk": 13,
    "fields": {
        "name": "Fluxgate magnetometer FZM",
        "description": "",
        "language_code": "en",
        "master": 8
    }
},
{
    "model": "backend_api.devicetranslation",
    "pk": 14,
    "fields": {
        "name": "\u0424\u0435\u0440\u043e\u0437\u043e\u043d\u0434\u043e\u0432\u0438\u0439 \u043c\u0430\u0433\u043d\u0456\u0442\u043e\u043c\u0435\u0440\u0442 FZM",
        "description": "",
        "master": 8,
        "language_code": "uk"
    }
},
{
    "model": "backend_api.devicetranslation",
    "pk": 15,
    "fields": {
        "name": "\u041f\u043e\u044f\u0441 \u0420\u043e\u0433\u043e\u0432\u0441\u044c\u043a\u043e\u0433\u043e",
        "description": "",
        "master": 7,
        "language_code": "uk"
    }
},
{
    "model": "backend_api.devicetranslation",
    "pk": 16,
    "fields": {
        "name": "\u041a\u043e\u043c\u043f\u043b\u0435\u043a\u0441 \u0437 \u0434\u0432\u043e\u0445 \u0426\u0438\u043b\u0456\u043d\u0434\u0440\u0456\u0432 \u0424\u0430\u0440\u0430\u0434\u0435\u044e (FC1, FC2)",
        "description": "",
        "master": 6,
        "language_code": "uk"
    }
},
{
    "model": "backend_api.device",
    "pk": 1,
    "fields": {
        "space_project": 1
    }
},
{
    "model": "backend_api.device",
    "pk": 2,
    "fields": {
        "space_project": 1
    }
},
{
    "model": "backend_api.device",
    "pk": 3,
    "fields": {
        "space_project": 1
    }
},
{
    "model": "backend_api.device",
    "pk": 4,
    "fields": {
        "space_project": 2
    }
},
{
    "model": "backend_api.device",
    "pk": 5,
    "fields": {
        "space_project": 2
    }
},
{
    "model": "backend_api.device",
    "pk": 6,
    "fields": {
        "space_project": 2
    }
},
{
    "model": "backend_api.device",
    "pk": 7,
    "fields": {
        "space_project": 2
    }
},
{
    "model": "backend_api.device",
    "pk": 8,
    "fields": {
        "space_project": 2
    }
},
{
    "model": "backend_api.unittranslation",
    "pk": 1,
    "fields": {
        "short_name": "V",
        "long_name": "Volts",
        "language_code": "en",
        "master": 1
    }
},
{
    "model": "backend_api.unittranslation",
    "pk": 2,
    "fields": {
        "short_name": "\u0412",
        "long_name": "\u0412\u043e\u043b\u044c\u0442\u0438",
        "language_code": "uk",
        "master": 1
    }
},
{
    "model": "backend_api.unittranslation",
    "pk": 3,
    "fields": {
        "short_name": "V\u22c5m\u22121",
        "long_name": "Volts per metre",
        "language_code": "en",
        "master": 2
    }
},
{
    "model": "backend_api.unittranslation",
    "pk": 4,
    "fields": {
        "short_name": "\u0412\u22c5\u043c\u22121",
        "long_name": "\u0412\u043e\u043b\u044c\u0442 \u043d\u0430 \u043c\u0435\u0442\u0440",
        "language_code": "uk",
        "master": 2
    }
},
{
    "model": "backend_api.unittranslation",
    "pk": 5,
    "fields": {
        "short_name": "nT",
        "long_name": "Nanotesla",
        "language_code": "en",
        "master": 3
    }
},
{
    "model": "backend_api.unittranslation",
    "pk": 6,
    "fields": {
        "short_name": "\u043d\u0422\u043b",
        "long_name": "\u041d\u0430\u043d\u043e\u0442\u0435\u0441\u043b\u0430",
        "language_code": "uk",
        "master": 3
    }
},
{
    "model": "backend_api.unittranslation",
    "pk": 7,
    "fields": {
        "short_name": "\u03bcA\u22c5m\u22122",
        "long_name": "Microamper per square metre",
        "language_code": "en",
        "master": 4
    }
},
{
    "model": "backend_api.unittranslation",
    "pk": 8,
    "fields": {
        "short_name": "\u043c\u043a\u0410\u22c5\u043c\u22122",
        "long_name": "\u041c\u0456\u043a\u0440\u043e\u0430\u043c\u043f\u0435\u0440 \u043d\u0430 \u043c\u0435\u0442\u0440 \u043a\u0432\u0430\u0434\u0440\u0430\u0442\u043d\u0438\u0439",
        "language_code": "uk",
        "master": 4
    }
},
{
    "model": "backend_api.unittranslation",
    "pk": 9,
    "fields": {
        "short_name": "A, B",
        "long_name": "\u0410\u043c\u043f\u0435\u0440\u0438 \u0438 \u0412\u043e\u043b\u044c\u0442\u0438 \u0434\u043b\u044f \u0412\u0410\u0425",
        "language_code": "uk",
        "master": 5
    }
},
{
    "model": "backend_api.unittranslation",
    "pk": 10,
    "fields": {
        "short_name": "A, V",
        "long_name": "Amper and Volt for I-V curve",
        "language_code": "en",
        "master": 5
    }
},
{
    "model": "backend_api.unittranslation",
    "pk": 11,
    "fields": {
        "short_name": "A, \u00b0C",
        "long_name": "Amper and some temperature unit of DN (NKP) device",
        "language_code": "en",
        "master": 6
    }
},
{
    "model": "backend_api.unittranslation",
    "pk": 12,
    "fields": {
        "short_name": "A, \u00b0C",
        "long_name": "\u0410\u043c\u043f\u0435\u0440\u0438 \u0442\u0430 \u043e\u0434\u0438\u043d\u0438\u0446\u0456 \u0442\u0435\u043c\u043f\u0435\u0440\u0430\u0442\u0443\u0440\u0438 \u043f\u0440\u0438\u043b\u0430\u0434\u0443 DN (NKP)",
        "language_code": "uk",
        "master": 6
    }
},
{
    "model": "backend_api.unit",
    "pk": 1,
    "fields": {}
},
{
    "model": "backend_api.unit",
    "pk": 2,
    "fields": {}
},
{
    "model": "backend_api.unit",
    "pk": 3,
    "fields": {}
},
{
    "model": "backend_api.unit",
    "pk": 4,
    "fields": {}
},
{
    "model": "backend_api.unit",
    "pk": 5,
    "fields": {}
},
{
    "model": "backend_api.unit",
    "pk": 6,
    "fields": {}
},
{
    "model": "backend_api.valuetranslation",
    "pk": 1,
    "fields": {
        "name": "Electric potential",
        "description": "Electric field potential",
        "language_code": "en",
        "master": 1
    }
},
{
    "model": "backend_api.valuetranslation",
    "pk": 2,
    "fields": {
        "name": "\u041f\u043e\u0442\u0435\u043d\u0446\u0456\u0430\u043b \u0435\u043b\u0435\u043a\u0442\u0440\u0438\u0447\u043d\u043e\u0433\u043e \u043f\u043e\u043b\u044f",
        "description": "\u041f\u043e\u0442\u0435\u043d\u0446\u0456\u0430\u043b \u0435\u043b\u0435\u043a\u0442\u0440\u0438\u0447\u043d\u043e\u0433\u043e \u043f\u043e\u043b\u044f (\u0435\u043b\u0435\u043a\u0442\u0440\u043e\u0441\u0442\u0430\u0442\u0438\u0447\u043d\u0438\u0439 \u043f\u043e\u0442\u0435\u043d\u0446\u0456\u0430\u043b)",
        "language_code": "uk",
        "master": 1
    }
},
{
    "model": "backend_api.valuetranslation",
    "pk": 3,
    "fields": {
        "name": "Electric potential difference",
        "description": "",
        "language_code": "en",
        "master": 2
    }
},
{
    "model": "backend_api.valuetranslation",
    "pk": 4,
    "fields": {
        "name": "\u0420\u0456\u0437\u043d\u0438\u0446\u044f \u0435\u043b\u0435\u043a\u0442\u0440\u0438\u0447\u043d\u0438\u0445 \u043f\u043e\u0442\u0435\u043d\u0446\u0456\u0430\u043b\u0456\u0432",
        "description": "",
        "language_code": "uk",
        "master": 2
    }
},
{
    "model": "backend_api.valuetranslation",
    "pk": 5,
    "fields": {
        "name": "Electric field",
        "description": "",
        "language_code": "en",
        "master": 3
    }
},
{
    "model": "backend_api.valuetranslation",
    "pk": 6,
    "fields": {
        "name": "\u0412\u0435\u043a\u0442\u043e\u0440 \u043d\u0430\u043f\u0440\u0443\u0436\u0435\u043d\u043d\u043e\u0441\u0442\u0456 \u0435\u043b\u0435\u043a\u0442\u0440\u0438\u0447\u043d\u043e\u0433\u043e \u043f\u043e\u043b\u044f",
        "description": "",
        "language_code": "uk",
        "master": 3
    }
},
{
    "model": "backend_api.valuetranslation",
    "pk": 7,
    "fields": {
        "name": "Magnetic field",
        "description": "",
        "language_code": "en",
        "master": 4
    }
},
{
    "model": "backend_api.valuetranslation",
    "pk": 8,
    "fields": {
        "name": "\u0412\u0435\u043a\u0442\u043e\u0440 \u0456\u043d\u0434\u0443\u043a\u0446\u0456\u0457 \u043c\u0430\u0433\u043d\u0456\u0442\u043d\u043e\u0433\u043e \u043f\u043e\u043b\u044f",
        "description": "",
        "language_code": "uk",
        "master": 4
    }
},
{
    "model": "backend_api.valuetranslation",
    "pk": 9,
    "fields": {
        "name": "Current density",
        "description": "Electric current density",
        "language_code": "en",
        "master": 5
    }
},
{
    "model": "backend_api.valuetranslation",
    "pk": 10,
    "fields": {
        "name": "Current\u2013voltage characteristic",
        "description": "",
        "language_code": "en",
        "master": 6
    }
},
{
    "model": "backend_api.valuetranslation",
    "pk": 11,
    "fields": {
        "name": "Some for DN #TODO: should be optional for channel",
        "description": "",
        "language_code": "en",
        "master": 7
    }
},
{
    "model": "backend_api.valuetranslation",
    "pk": 12,
    "fields": {
        "name": "\u0427\u0442\u043e-\u0442\u043e \u043d\u0438\u0437\u043a\u043e\u0443\u0440\u043e\u0432\u043d\u0435\u0432\u043e\u0435 \u043e\u0442 DN",
        "description": "",
        "language_code": "uk",
        "master": 7
    }
},
{
    "model": "backend_api.value",
    "pk": 1,
    "fields": {
        "short_name": "Ve",
        "units": 1
    }
},
{
    "model": "backend_api.value",
    "pk": 2,
    "fields": {
        "short_name": "\u0394Ve",
        "units": 1
    }
},
{
    "model": "backend_api.value",
    "pk": 3,
    "fields": {
        "short_name": "E",
        "units": 2
    }
},
{
    "model": "backend_api.value",
    "pk": 4,
    "fields": {
        "short_name": "B",
        "units": 3
    }
},
{
    "model": "backend_api.value",
    "pk": 5,
    "fields": {
        "short_name": "j",
        "units": 4
    }
},
{
    "model": "backend_api.value",
    "pk": 6,
    "fields": {
        "short_name": "I\u2013V curve",
        "units": 5
    }
},
{
    "model": "backend_api.value",
    "pk": 7,
    "fields": {
        "short_name": "i1, i2, t1, t2",
        "units": 6
    }
},
{
    "model": "backend_api.channeltranslation",
    "pk": 1,
    "fields": {
        "name": "EZ (DC)",
        "description": "Low-frequency channel of the electric potential measurement (1Hz)",
        "language_code": "en",
        "master": 1
    }
},
{
    "model": "backend_api.channeltranslation",
    "pk": 2,
    "fields": {
        "name": "EZ (DC)",
        "description": "\u041d\u0438\u0437\u044c\u043a\u043e\u0447\u0430\u0441\u0442\u043e\u0442\u043d\u0438\u0439 \u043a\u0430\u043d\u0430\u043b \u0432\u0438\u043c\u0456\u0440\u044e\u0432\u0430\u043d\u043d\u044f \u043f\u043e\u0442\u0435\u043d\u0446\u0456\u0430\u043b\u0443 \u0435\u043b\u0435\u043a\u0442\u0440\u0438\u0447\u043d\u043e\u0433\u043e \u043f\u043e\u043b\u044f  (1 \u0413\u0446)",
        "language_code": "uk",
        "master": 1
    }
},
{
    "model": "backend_api.channeltranslation",
    "pk": 3,
    "fields": {
        "name": "EZ (AC)",
        "description": "High-frequency channel of the electric potential measurement (1kHz)",
        "language_code": "en",
        "master": 2
    }
},
{
    "model": "backend_api.channeltranslation",
    "pk": 4,
    "fields": {
        "name": "EZ (AC)",
        "description": "\u0412\u0438\u0441\u043e\u043a\u043e\u0447\u0430\u0441\u0442\u043e\u0442\u043d\u0438\u0439 \u043a\u0430\u043d\u0430\u043b \u0432\u0438\u043c\u0456\u0440\u044e\u0432\u0430\u043d\u043d\u044f \u043f\u043e\u0442\u0435\u043d\u0446\u0456\u0430\u043b\u0443 \u0435\u043b\u0435\u043a\u0442\u0440\u0438\u0447\u043d\u043e\u0433\u043e \u043f\u043e\u043b\u044f (1 \u043a\u0413\u0446)",
        "language_code": "uk",
        "master": 2
    }
},
{
    "model": "backend_api.channeltranslation",
    "pk": 5,
    "fields": {
        "name": "\u0394E1~, \u0394E2~, \u0394E3~",
        "description": "\u0394E1 = EZ1 - EZ4 \r\n\u0394E2 = EZ1 - EZ3\r\n\u0394E3 = EZ1 - EZ3",
        "language_code": "en",
        "master": 3
    }
},
{
    "model": "backend_api.channeltranslation",
    "pk": 6,
    "fields": {
        "name": "Bx~, By~ (not calibrated)",
        "description": "",
        "language_code": "en",
        "master": 4
    }
},
{
    "model": "backend_api.channeltranslation",
    "pk": 7,
    "fields": {
        "name": "Jxz~, Jyz~ (not calibrated)",
        "description": "",
        "language_code": "en",
        "master": 5
    }
},
{
    "model": "backend_api.channeltranslation",
    "pk": 8,
    "fields": {
        "name": "\u0394E1~, \u0394E2~, \u0394E3~",
        "description": "\u0394E1 = EZ1 - EZ4 \r\n\u0394E2 = EZ1 - EZ3\r\n\u0394E3 = EZ1 - EZ3",
        "language_code": "uk",
        "master": 3
    }
},
{
    "model": "backend_api.channeltranslation",
    "pk": 9,
    "fields": {
        "name": "Bx~, By~ (\u043d\u0435 \u0442\u0430\u0440\u0438\u0440\u043e\u0432\u0430\u043d\u0456)",
        "description": "",
        "language_code": "uk",
        "master": 4
    }
},
{
    "model": "backend_api.channeltranslation",
    "pk": 10,
    "fields": {
        "name": "Jxz~, Jyz~ (\u043d\u0435 \u0442\u0430\u0440\u0438\u0440\u043e\u0432\u0430\u043d\u0456)",
        "description": "",
        "language_code": "uk",
        "master": 5
    }
},
{
    "model": "backend_api.channeltranslation",
    "pk": 11,
    "fields": {
        "name": "\u0394E1=, \u0394E2=, \u0394E3=",
        "description": "\u0394E1 = EZ1 - EZ4 \r\n\u0394E2 = EZ1 - EZ3\r\n\u0394E3 = EZ1 - EZ3",
        "language_code": "en",
        "master": 6
    }
},
{
    "model": "backend_api.channeltranslation",
    "pk": 12,
    "fields": {
        "name": "FC1~, FC2~",
        "description": "",
        "language_code": "en",
        "master": 7
    }
},
{
    "model": "backend_api.channeltranslation",
    "pk": 13,
    "fields": {
        "name": "JF~",
        "description": "",
        "language_code": "en",
        "master": 8
    }
},
{
    "model": "backend_api.channeltranslation",
    "pk": 14,
    "fields": {
        "name": "Bx=, By=, Bz= (not calibrated)",
        "description": "",
        "language_code": "en",
        "master": 9
    }
},
{
    "model": "backend_api.channeltranslation",
    "pk": 15,
    "fields": {
        "name": "FC1=, FC2=",
        "description": "",
        "language_code": "en",
        "master": 10
    }
},
{
    "model": "backend_api.channeltranslation",
    "pk": 16,
    "fields": {
        "name": "I\u2013V curve (V, i1, i2)",
        "description": "Current\u2013voltage characteristic with 2 current (2nd - technical) from DE (ITM Langmuir probe)",
        "language_code": "en",
        "master": 11
    }
},
{
    "model": "backend_api.channeltranslation",
    "pk": 17,
    "fields": {
        "name": "\u0412\u0410\u0425 (V, i1, i2)",
        "description": "\u0412\u043e\u043b\u044c\u0442-\u0430\u043c\u043f\u0435\u0440\u043d\u0430 \u0445\u0430\u0440\u0430\u043a\u0442\u0435\u0440\u0438\u0441\u0442\u0438\u043a\u0430 \u0441 2\u043c\u044f \u0442\u043e\u043a\u0430\u043c\u0438 (2\u0439 - \u0442\u0435\u0445\u043d\u0438\u0447\u0435\u0441\u043a\u0438\u0439), \u043e\u0442\u0440\u0438\u043c\u0430\u043d\u0430 \u0437 DE (\u0437\u043e\u043d\u0434\u0443 \u041b\u0435\u043d\u0433\u043c\u044e\u0440\u0443 \u0432\u0456\u0434 \u0406\u0422\u041c)",
        "language_code": "uk",
        "master": 11
    }
},
{
    "model": "backend_api.channeltranslation",
    "pk": 18,
    "fields": {
        "name": "i1, i2, t1, t2",
        "description": "Technical values of DN",
        "language_code": "en",
        "master": 12
    }
},
{
    "model": "backend_api.channeltranslation",
    "pk": 19,
    "fields": {
        "name": "i1, i2, t1, t2",
        "description": "\u0422\u0435\u0445\u043d\u0456\u0447\u043d\u0456 \u0432\u0435\u043b\u0438\u0447\u0438\u043d\u0438 \u0437 DN",
        "language_code": "uk",
        "master": 12
    }
},
{
    "model": "backend_api.channeltranslation",
    "pk": 20,
    "fields": {
        "name": "Bx=, By=, Bz= (\u043d\u0435 \u0442\u0430\u0440\u0438\u0440\u043e\u0432\u0430\u043d\u0456)",
        "description": "",
        "master": 9,
        "language_code": "uk"
    }
},
{
    "model": "backend_api.channeltranslation",
    "pk": 21,
    "fields": {
        "name": "\u0394E1=, \u0394E2=, \u0394E3=",
        "description": "\u0394E1 = EZ1 - EZ4 \r\n\u0394E2 = EZ1 - EZ3\r\n\u0394E3 = EZ1 - EZ3",
        "language_code": "uk",
        "master": 6
    }
},
{
    "model": "backend_api.channeltranslation",
    "pk": 22,
    "fields": {
        "name": "FC1~, FC2~",
        "description": "",
        "master": 7,
        "language_code": "uk"
    }
},
{
    "model": "backend_api.channeltranslation",
    "pk": 23,
    "fields": {
        "name": "FC1=, FC2=",
        "description": "",
        "master": 10,
        "language_code": "uk"
    }
},
{
    "model": "backend_api.channeltranslation",
    "pk": 24,
    "fields": {
        "name": "JF~",
        "description": "",
        "master": 8,
        "language_code": "uk"
    }
},
{
    "model": "backend_api.channel",
    "pk": 1,
    "fields": {
        "value": 1,
        "exponent": -3,
        "device": 1,
        "klass": [
            "classes.base_data.SingleVarTimeSeries"
        ],
        "labels": ["ez/lf/0"]
    }
},
{
    "model": "backend_api.channel",
    "pk": 2,
    "fields": {
        "value": 1,
        "exponent": -3,
        "device": 1,
        "klass": [
            "classes.base_data.SingleVarTimeSeries"
        ],
        "labels": ["ez/hf/00"]
    }
},
{
    "model": "backend_api.channel",
    "pk": 3,
    "fields": {
        "value": 2,
        "exponent": 0,
        "device": 4,
        "klass": [
            "classes.base_data.ObliqueThreeVarTimeSeriesHF"
        ],
        "labels": ["E1~", "E2~", "E3~"],
        "calibration": [
            "classes.base_calibration.CoefficientMatrixMultiply"
        ],
        "calibration_params": {"Kp": 10,
                               "convert_matrix":
                               {"EZ1": [[0.18607253, -0.19853245, -0.00568404],
                                        [-0.18550208, 0.0188171,   0.00202993],
                                        [-0.0393252,  -0.11087313, 0.25190521]],
                                "EZ3": [[0.01814397, -0.19853245,  0.18607253],
                                        [0.16465504,  0.0188171,  -0.18550208],
                                        [-0.10170687, -0.11087313, -0.0393252]]
                              }
                            }
    }
},
{
    "model": "backend_api.channel",
    "pk": 4,
    "fields": {
        "value": 1,
        "exponent": 0,
        "device": 5,
        "klass": [
            "classes.base_data.OrthogonalTwoVarTimeSeriesHF"
        ],
        "labels": ["Bx~", "By~"],
        "calibration": [
            "classes.base_calibration.CoefficientMultiply"
        ],
        "calibration_params": {"Kp": 10}
    }
},
{
    "model": "backend_api.channel",
    "pk": 5,
    "fields": {
        "value": 1,
        "exponent": 0,
        "device": 5,
        "klass": [
            "classes.base_data.OrthogonalTwoVarTimeSeriesHF"
        ],
        "labels": ["Jxz~", "Jyz~"],
        "calibration": [
            "classes.base_calibration.CoefficientMultiply"
        ],
        "calibration_params": {"Kp": 129.87}
    }
},
{
    "model": "backend_api.channel",
    "pk": 6,
    "fields": {
        "value": 2,
        "exponent": 0,
        "device": 4,
        "klass": [
            "classes.base_data.ObliqueThreeVarTimeSeriesLF"
        ],
        "labels": ["E1=", "E2=", "E3="],
        "calibration": [
            "classes.base_calibration.CoefficientMatrixMultiply"
        ],
        "calibration_params":{"Kp": 1,
                               "convert_matrix":
                               {"EZ1": [[0.18607253, -0.19853245, -0.00568404],
                                        [-0.18550208, 0.0188171,   0.00202993],
                                        [-0.0393252,  -0.11087313, 0.25190521]],
                                "EZ3": [[0.01814397, -0.19853245,  0.18607253],
                                        [0.16465504,  0.0188171,  -0.18550208],
                                        [-0.10170687, -0.11087313, -0.0393252]]
                              }
                            }
    }
},
{
    "model": "backend_api.channel",
    "pk": 7,
    "fields": {
        "value": 1,
        "exponent": 0,
        "device": 6,
        "klass": [
            "classes.base_data.ScalarValueDifference"
        ],
        "labels": ["FC1~", "FC2~"],
        "calibration": [
            "classes.base_calibration.TwoToOne"
        ],
        "calibration_params": {"Kp": 0.000478011472}
    }
},
{
    "model": "backend_api.channel",
    "pk": 8,
    "fields": {
        "value": 1,
        "exponent": 0,
        "device": 7,
        "klass": [
            "classes.base_data.SingleVarTimeSeries"
        ],
        "labels": ["JF~"],
        "calibration": [
            "classes.base_calibration.CoefficientMultiply"
        ],
        "calibration_params": {"Kp": 1.17647}
    }
},
{
    "model": "backend_api.channel",
    "pk": 9,
    "fields": {
        "value": 4,
        "exponent": 0,
        "device": 8,
        "klass": [
            "classes.base_data.OrthogonalThreeVarTimeSeriesLF"
        ],
        "labels": ["Bx", "By", "Bz"]
    }
},
{
    "model": "backend_api.channel",
    "pk": 10,
    "fields": {
        "value": 1,
        "exponent": 0,
        "device": 6,
        "klass": [
            "classes.base_data.ScalarValueDifference"
        ],
        "labels": ["FC1=", "FC2="],
        "calibration": [
            "classes.base_calibration.TwoToOne"
        ],
        "calibration_params": {"Kp": 0.000047001316}
    }
},
{
    "model": "backend_api.channel",
    "pk": 11,
    "fields": {
        "value": 6,
        "exponent": 0,
        "device": 3,
        "klass": [
            "classes.base_data.CurrentVoltageCurveTwoCurrent"
        ],
        "labels": ["pd/ekp/00"]
    }
},
{
    "model": "backend_api.channel",
    "pk": 12,
    "fields": {
        "value": 7,
        "exponent": 0,
        "device": 2,
        "klass": [
            "classes.base_data.ValuesFromDNdevice"
        ],
        "labels": ["pd/nkp/0/"]
    }
},
{
    "model": "backend_api.parametertranslation",
    "pk": 1,
    "fields": {
        "name": "U (DC)",
        "description": "Electric potential (DC)",
        "language_code": "en",
        "master": 1
    }
},
{
    "model": "backend_api.parametertranslation",
    "pk": 2,
    "fields": {
        "name": "U (DC)",
        "description": "\u0415\u043b\u0435\u043a\u0442\u0438\u0447\u043d\u0438\u0439 \u043f\u043e\u0442\u0435\u043d\u0446\u0456\u0430\u043b (DC)",
        "language_code": "uk",
        "master": 1
    }
},
{
    "model": "backend_api.parametertranslation",
    "pk": 3,
    "fields": {
        "name": "U (AC)",
        "description": "\u0415\u043b\u0435\u043a\u0442\u0438\u0447\u043d\u0438\u0439 \u043f\u043e\u0442\u0435\u043d\u0446\u0456\u0430\u043b (AC)",
        "language_code": "uk",
        "master": 2
    }
},
{
    "model": "backend_api.parametertranslation",
    "pk": 4,
    "fields": {
        "name": "U (AC)",
        "description": "Electric potential (AC)",
        "language_code": "en",
        "master": 2
    }
},
{
    "model": "backend_api.parametertranslation",
    "pk": 5,
    "fields": {
        "name": "Ex, Ey, Ez (AC)",
        "description": "Electric field (AC)",
        "language_code": "en",
        "master": 3
    }
},
{
    "model": "backend_api.parametertranslation",
    "pk": 6,
    "fields": {
        "name": "Ex, Ey, Ez (AC)",
        "description": "\u0412\u0435\u043a\u0442\u043e\u0440 \u043d\u0430\u043f\u0440\u0443\u0436\u0435\u043d\u043d\u043e\u0441\u0442\u0456 \u0435\u043b\u0435\u043a\u0442\u0440\u0438\u0447\u043d\u043e\u0433\u043e \u043f\u043e\u043b\u044f (AC)",
        "language_code": "uk",
        "master": 3
    }
},
{
    "model": "backend_api.parametertranslation",
    "pk": 7,
    "fields": {
        "name": "Bx, By (AC)",
        "description": "Magnetic field (AC)",
        "language_code": "en",
        "master": 4
    }
},
{
    "model": "backend_api.parametertranslation",
    "pk": 8,
    "fields": {
        "name": "Bx, By (AC)",
        "description": "\u0412\u0435\u043a\u0442\u043e\u0440 \u043c\u0430\u0433\u043d\u0456\u0442\u043d\u043e\u0457 \u0456\u043d\u0434\u0443\u043a\u0446\u0456\u0457 (AC)",
        "language_code": "uk",
        "master": 4
    }
},
{
    "model": "backend_api.parametertranslation",
    "pk": 9,
    "fields": {
        "name": "Jxz, Jyz (AC)",
        "description": "Two components of current density (AC)",
        "language_code": "en",
        "master": 5
    }
},
{
    "model": "backend_api.parametertranslation",
    "pk": 10,
    "fields": {
        "name": "Jxz, Jyz (AC)",
        "description": "\u0414\u0432\u0456 \u043a\u043e\u043c\u043f\u043e\u043d\u0435\u043d\u0442\u0438 \u0433\u0443\u0441\u0442\u0438\u043d\u0438 \u0435\u043b\u0435\u043a\u0442\u0440\u0438\u0447\u043d\u043e\u0433\u043e \u0441\u0442\u0440\u0443\u043c\u0443 (AC)",
        "language_code": "uk",
        "master": 5
    }
},
{
    "model": "backend_api.parametertranslation",
    "pk": 11,
    "fields": {
        "name": "Ex, Ey, Ez (DC)",
        "description": "Electric field (DC)",
        "language_code": "en",
        "master": 6
    }
},
{
    "model": "backend_api.parametertranslation",
    "pk": 12,
    "fields": {
        "name": "Jz (AC)",
        "description": "Current density (AC), current difference between currents of 2 Faraday caps",
        "language_code": "en",
        "master": 7
    }
},
{
    "model": "backend_api.parametertranslation",
    "pk": 13,
    "fields": {
        "name": "Jz (AC)",
        "description": "Current density (AC)",
        "language_code": "en",
        "master": 8
    }
},
{
    "model": "backend_api.parametertranslation",
    "pk": 14,
    "fields": {
        "name": "Bx, By, Bz (DC)",
        "description": "Magnetic field (DC)",
        "language_code": "en",
        "master": 9
    }
},
{
    "model": "backend_api.parametertranslation",
    "pk": 15,
    "fields": {
        "name": "Jz (DC)",
        "description": "Current density (DC), current difference between currents of 2 Faraday caps",
        "language_code": "en",
        "master": 10
    }
},
{
    "model": "backend_api.parametertranslation",
    "pk": 16,
    "fields": {
        "name": "Jz (DC)",
        "description": "\u0413\u0443\u0441\u0442\u0438\u043d\u0430 \u0441\u0442\u0440\u0443\u043c\u0443 (DC \u043a\u0430\u043d\u0430\u043b), \u0440\u0456\u0437\u043d\u0438\u0446\u044f \u0441\u0442\u0440\u0443\u043c\u0456\u0432 \u0437 \u0434\u0432\u043e\u0445 \u0446\u0438\u043b\u0456\u043d\u0434\u0440\u0456\u0432 \u0424\u0430\u0440\u0430\u0434\u0435\u044f",
        "master": 10,
        "language_code": "uk"
    }
},
{
    "model": "backend_api.parametertranslation",
    "pk": 17,
    "fields": {
        "name": "Bx, By, Bz (DC)",
        "description": "\u0412\u0435\u043a\u0442\u043e\u0440 \u043c\u0430\u0433\u043d\u0456\u0442\u043d\u043e\u0457 \u0456\u043d\u0434\u0443\u043a\u0446\u0456\u0457 (DC)",
        "master": 9,
        "language_code": "uk"
    }
},
{
    "model": "backend_api.parametertranslation",
    "pk": 18,
    "fields": {
        "name": "Jz (AC)",
        "description": "\u0413\u0443\u0441\u0442\u0438\u043d\u0430 \u0441\u0442\u0440\u0443\u043c\u0443 (AC \u043a\u0430\u043d\u0430\u043b)",
        "master": 8,
        "language_code": "uk"
    }
},
{
    "model": "backend_api.parametertranslation",
    "pk": 19,
    "fields": {
        "name": "Jz (AC)",
        "description": "\u0413\u0443\u0441\u0442\u0438\u043d\u0430 \u0441\u0442\u0440\u0443\u043c\u0443 (AC \u043a\u0430\u043d\u0430\u043b), \u0440\u0456\u0437\u043d\u0438\u0446\u044f \u0441\u0442\u0440\u0443\u043c\u0456\u0432 \u0437 \u0434\u0432\u043e\u0445 \u0446\u0438\u043b\u0456\u043d\u0434\u0440\u0456\u0432 \u0424\u0430\u0440\u0430\u0434\u0435\u044f",
        "master": 7,
        "language_code": "uk"
    }
},
{
    "model": "backend_api.parametertranslation",
    "pk": 20,
    "fields": {
        "name": "Ex, Ey, Ez (DC)",
        "description": "\u0412\u0435\u043a\u0442\u043e\u0440 \u043d\u0430\u043f\u0440\u0443\u0436\u0435\u043d\u043d\u043e\u0441\u0442\u0456 \u0435\u043b\u0435\u043a\u0442\u0440\u0438\u0447\u043d\u043e\u0433\u043e \u043f\u043e\u043b\u044f (DC)",
        "master": 6,
        "language_code": "uk"
    }
},
{
    "model": "backend_api.parameter",
    "pk": 1,
    "fields": {
        "value": 1,
        "exponent": -3,
        "channel": 1,
        "klass": [
            "classes.base_data.SingleVarTimeSeries"
        ]
    }
},
{
    "model": "backend_api.parameter",
    "pk": 2,
    "fields": {
        "value": 1,
        "exponent": -3,
        "channel": 2,
        "klass": [
            "classes.base_data.SingleVarTimeSeries"
        ]
    }
},
{
    "model": "backend_api.parameter",
    "pk": 3,
    "fields": {
        "value": 3,
        "exponent": 0,
        "channel": 3,
        "klass": [
            "classes.base_data.OrthogonalThreeVarTimeSeriesHF"
        ]
    }
},
{
    "model": "backend_api.parameter",
    "pk": 4,
    "fields": {
        "value": 4,
        "exponent": 0,
        "channel": 4,
        "klass": [
            "classes.base_data.OrthogonalTwoVarTimeSeriesHF"
        ]
    }
},
{
    "model": "backend_api.parameter",
    "pk": 5,
    "fields": {
        "value": 5,
        "exponent": 0,
        "channel": 5,
        "klass": [
            "classes.base_data.OrthogonalTwoVarTimeSeriesHF"
        ]
    }
},
{
    "model": "backend_api.parameter",
    "pk": 6,
    "fields": {
        "value": 2,
        "exponent": 0,
        "channel": 6,
        "klass": [
            "classes.base_data.OrthogonalThreeVarTimeSeriesLF"
        ]
    }
},
{
    "model": "backend_api.parameter",
    "pk": 7,
    "fields": {
        "value": 5,
        "exponent": 0,
        "channel": 7,
        "klass": [
            "classes.base_data.ScalarValueDifference"
        ]
    }
},
{
    "model": "backend_api.parameter",
    "pk": 8,
    "fields": {
        "value": 5,
        "exponent": 0,
        "channel": 8,
        "klass": [
            "classes.base_data.SingleVarTimeSeries"
        ]
    }
},
{
    "model": "backend_api.parameter",
    "pk": 9,
    "fields": {
        "value": 4,
        "exponent": 0,
        "channel": 9,
        "klass": [
            "classes.base_data.OrthogonalThreeVarTimeSeriesLF"
        ]
    }
},
{
    "model": "backend_api.parameter",
    "pk": 10,
    "fields": {
        "value": 5,
        "exponent": 0,
        "channel": 10,
        "klass": [
            "classes.base_data.ScalarValueDifference"
        ]
    }
}
]
