[
{
    "model": "backend_api.space_projecttranslation",
    "pk": 1,
    "fields": {
        "name": "Potential",
        "description": "The space scientific experiment \"Potential\" on the ionosphere aboard the Ukrainian Sich-2 microsatellite (2011-2012)",
        "master": 1,
        "language_code": "en"
    }
},
{
    "model": "backend_api.space_projecttranslation",
    "pk": 2,
    "fields": {
        "name": "\u041f\u043e\u0442\u0435\u043d\u0446\u0456\u0430\u043b",
        "description": "\u041d\u0430\u0443\u043a\u043e\u0432\u0438\u0439 \u0456\u043e\u043d\u043e\u0441\u0444\u0435\u0440\u043d\u0438\u0439 \u043a\u043e\u0441\u043c\u0456\u0447\u043d\u0438\u0439 \u0435\u043a\u0441\u043f\u0435\u0440\u0438\u043c\u0435\u043d\u0442 \"\u041f\u043e\u0442\u0435\u043d\u0446\u0456\u0430\u043b\" \u043d\u0430 \u0431\u043e\u0440\u0442\u0443 \u0443\u043a\u0440\u0430\u0457\u043d\u0441\u044c\u043a\u043e\u0433\u043e \u043c\u0456\u043a\u0440\u043e\u0441\u0443\u043f\u0443\u0442\u043d\u0438\u043a\u0430 \"\u0421\u0456\u0447-2\" (2011-2012)",
        "master": 1,
        "language_code": "uk"
    }
},
{
    "model": "backend_api.space_projecttranslation",
    "pk": 3,
    "fields": {
        "name": "Variant",
        "description": "The space scientific experiment \"Variant\" on the ionosphere aboard the Ukrainian Sich-1M satellite (2004-2005)",
        "master": 2,
        "language_code": "en"
    }
},
{
    "model": "backend_api.space_projecttranslation",
    "pk": 4,
    "fields": {
        "name": "\u0412\u0430\u0440\u0456\u0430\u043d\u0442",
        "description": "\u041d\u0430\u0443\u043a\u043e\u0432\u0438\u0439 \u0456\u043e\u043d\u043e\u0441\u0444\u0435\u0440\u043d\u0438\u0439 \u043a\u043e\u0441\u043c\u0456\u0447\u043d\u0438\u0439 \u0435\u043a\u0441\u043f\u0435\u0440\u0438\u043c\u0435\u043d\u0442 \"\u0412\u0430\u0440\u0456\u0430\u043d\u0442\" \u043d\u0430 \u0431\u043e\u0440\u0442\u0443 \u0443\u043a\u0440\u0430\u0457\u043d\u0441\u044c\u043a\u043e\u0433\u043e \u0441\u0443\u043f\u0443\u0442\u043d\u0438\u043a\u0430 \"\u0421\u0456\u0447-1\u041c\" (2004-2005)",
        "master": 2,
        "language_code": "uk"
    }
},
{
    "model": "backend_api.space_projecttranslation",
    "pk": 5,
    "fields": {
        "name": "Aerosol-UA",
        "description": "Space mission Aerosol-UA. Aerosol remote sensing in the terrestrial atmosphere.",
        "master": 3,
        "language_code": "en"
    }
},
{
    "model": "backend_api.space_projecttranslation",
    "pk": 6,
    "fields": {
        "name": "\u0410\u0435\u0440\u043e\u0437\u043e\u043b\u044c-UA",
        "description": "\u041e\u0440\u0431\u0456\u0442\u0430\u043b\u044c\u043d\u0430 \u043c\u0456\u0441\u0456\u044f \u0410\u0435\u0440\u043e\u0437\u043e\u043b\u044c-UA \u0434\u0438\u0441\u0442\u0430\u043d\u0446\u0456\u0439\u043d\u043e\u0433\u043e \u0437\u043e\u043d\u0434\u0443\u0432\u0430\u043d\u043d\u044f \u0430\u0435\u0440\u043e\u0437\u043e\u043b\u0456\u0432 \u0432 \u0430\u0442\u043c\u043e\u0441\u0444\u0435\u0440\u0456 \u0417\u0435\u043c\u043b\u0456",
        "master": 3,
        "language_code": "uk"
    }
},
{
    "model": "backend_api.space_project",
    "pk": 1,
    "fields": {
        "klass": 10,
        "date_start": "2011-08-30",
        "date_end": "2012-11-01"
    }
},
{
    "model": "backend_api.space_project",
    "pk": 2,
    "fields": {
        "klass": 13,
        "date_start": "2005-02-01",
        "date_end": "2005-03-26"
    }
},
{
    "model": "backend_api.space_project",
    "pk": 3,
    "fields": {
        "klass": 14,
        "date_start": "2019-11-16",
        "date_end": "2021-08-31"
    }
},
{
    "model": "backend_api.devicetranslation",
    "pk": 1,
    "fields": {
        "name": "Electric probe (EP)",
        "description": "Electric probes are intended for the measurement of electric field intensity in space plasma with the help of two similar probes placed at a known distance. Potential project used a single probe setup that can be used to measure the spacecraft's own electric potential.",
        "master": 1,
        "language_code": "en"
    }
},
{
    "model": "backend_api.devicetranslation",
    "pk": 2,
    "fields": {
        "name": "\u0415\u043b\u0435\u043a\u0442\u0440\u0438\u0447\u043d\u0438\u0439 \u0437\u043e\u043d\u0434 (EP)",
        "description": "\u0414\u0430\u0432\u0430\u0447 \u0435\u043b\u0435\u043a\u0442\u0440\u0438\u0447\u043d\u043e\u0433\u043e \u043f\u043e\u0442\u0435\u043d\u0446\u0456\u0430\u043b\u0443 \u043f\u0440\u0438\u0437\u043d\u0430\u0447\u0435\u043d\u0438\u0439 \u0434\u043b\u044f \u0432\u0438\u043c\u0456\u0440\u044e\u0432\u0430\u043d\u043d\u044f \u043d\u0430\u043f\u0440\u0443\u0436\u0435\u043d\u043e\u0441\u0442\u0456 \u0437\u043c\u0456\u043d\u043d\u043e\u0433\u043e \u0435\u043b\u0435\u043a\u0442\u0440\u0438\u0447\u043d\u043e\u0433\u043e \u043f\u043e\u043b\u044f \u0443 \u043a\u043e\u0441\u043c\u0456\u0447\u043d\u0456\u0439 \u043f\u043b\u0430\u0437\u043c\u0456 \u0437\u0430 \u0434\u043e\u043f\u043e\u043c\u043e\u0433\u043e\u044e \u0434\u0432\u043e\u0445 \u043f\u043e\u0434\u0456\u0431\u043d\u0438\u0445 \u0434\u0430\u0432\u0430\u0447\u0456\u0432, \u0440\u043e\u0437\u043d\u0435\u0441\u0435\u043d\u0438\u0445 \u043d\u0430 \u0432\u0456\u0434\u043e\u043c\u0443 \u0432\u0456\u0434\u0441\u0442\u0430\u043d\u044c. \u0410\u043b\u0435 \u0432 \u043a\u043e\u0441\u043c\u0456\u0447\u043d\u043e\u043c\u0443 \u0435\u043a\u0441\u043f\u0435\u0440\u0438\u043c\u0435\u043d\u0442\u0456 \u041f\u043e\u0442\u0435\u043d\u0446\u0456\u0430\u043b \u0432\u0456\u043d \u0431\u0443\u0432 \u043e\u0434\u0438\u043d :(",
        "master": 1,
        "language_code": "uk"
    }
},
{
    "model": "backend_api.devicetranslation",
    "pk": 3,
    "fields": {
        "name": "Neutral gase parameters sensor (NCP)",
        "description": "A system of two pressure probes using an inverse-magnetron converter as a sensor. (The device to produce the i/v characteristics from which the ITM team is to obtain the neutral gas density and pressure.)",
        "master": 2,
        "language_code": "en"
    }
},
{
    "model": "backend_api.devicetranslation",
    "pk": 4,
    "fields": {
        "name": "\u0414\u0430\u0442\u0447\u0438\u043a \u043f\u0430\u0440\u0430\u043c\u0435\u0442\u0440\u0456\u0432 \u043d\u0435\u0439\u0442\u0440\u0430\u043b\u044c\u043d\u043e\u0433\u043e \u0433\u0430\u0437\u0443 \u041d\u041a\u041f",
        "description": "\u041d\u041a\u041f \u0441\u043a\u043b\u0430\u0434\u0430\u0454\u0442\u044c\u0441\u044f \u0437 \u0434\u0432\u043e\u0445 \u0437\u043e\u043d\u0434\u0456\u0432 \u0442\u0438\u0441\u043a\u0443 \u0437 \u0456\u043d\u0432\u0435\u0440\u0441\u043d\u043e-\u043c\u0430\u0433\u043d\u0435\u0442\u0440\u043e\u043d\u043d\u0438\u043c \u043f\u0435\u0440\u0435\u0442\u0432\u043e\u0440\u044e\u0432\u0430\u0447\u0435\u043c \u0432 \u044f\u043a\u043e\u0441\u0442\u0456 \u0447\u0443\u0442\u043b\u0438\u0432\u043e\u0433\u043e \u0435\u043b\u0435\u043c\u0435\u043d\u0442\u0443",
        "master": 2,
        "language_code": "uk"
    }
},
{
    "model": "backend_api.devicetranslation",
    "pk": 5,
    "fields": {
        "name": "Plasma parameters sensor (ECP)",
        "description": "A single cylindrical Langmiur probe measuring 0.05 cm in radius with 12 cm in length along with a protective electrode measuring 0.2 cm in radius and 12.5 cm in length. (The device to produce the i/v characteristics from which the ITM team is to obtain the plasma density and the electron temperature)",
        "master": 3,
        "language_code": "en"
    }
},
{
    "model": "backend_api.devicetranslation",
    "pk": 6,
    "fields": {
        "name": "\u0414\u0430\u0442\u0447\u0438\u043a \u043f\u0430\u0440\u0430\u043c\u0435\u0442\u0440\u0456\u0432 \u0435\u043b\u0435\u043a\u0442\u0440\u043e\u043d\u043d\u043e\u0457 \u043a\u043e\u043c\u043f\u043e\u043d\u0435\u043d\u0442\u0438 \u043f\u043b\u0430\u0437\u043c\u0438 (\u0415\u041a\u041f)",
        "description": "\u041e\u0434\u0438\u043d\u0438\u0447\u043d\u0438\u0439 \u0446\u0438\u043b\u0456\u043d\u0434\u0440\u0438\u0447\u043d\u0438\u0439 \u0437\u043e\u043d\u0434 \u041b\u0435\u043d\u0433\u043c\u044e\u0440\u0430 \u0440\u0430\u0434\u0456\u0443\u043e\u043c 0,05 \u0441\u043c \u0456 \u0434\u043e\u0432\u0436\u0438\u043d\u043e\u044e 12 \u0441\u043c \u0437 \u043e\u0445\u043e\u0440\u043e\u043d\u043d\u0438\u043c \u0435\u043b\u0435\u043a\u0442\u0440\u043e\u0434\u043e\u043c \u0440\u0430\u0434\u0456\u0443\u0441\u043e\u043c 0,2 \u0441\u043c \u0434\u043e\u0432\u0436\u0438\u043d\u043e\u044e 12,5 \u0441\u043c",
        "master": 3,
        "language_code": "uk"
    }
},
{
    "model": "backend_api.devicetranslation",
    "pk": 7,
    "fields": {
        "name": "Set of 4 Electric probes (EZ1, EZ2, EZ3, EZ4)",
        "description": "",
        "master": 4,
        "language_code": "en"
    }
},
{
    "model": "backend_api.devicetranslation",
    "pk": 8,
    "fields": {
        "name": "\u041a\u043e\u043c\u043f\u043b\u0435\u043a\u0441 \u0437 4 \u0435\u043b\u0435\u043a\u0442\u0440\u0438\u0447\u043d\u0438\u0445 \u0437\u043e\u043d\u0434\u0456\u0432 (EZ1, EZ2, EZ3, EZ4)",
        "description": "",
        "master": 4,
        "language_code": "uk"
    }
},
{
    "model": "backend_api.devicetranslation",
    "pk": 9,
    "fields": {
        "name": "\u041a\u043e\u043c\u043f\u043b\u0435\u043a\u0441 \u0437 \u0434\u0432\u043e\u0445 \u0445\u0432\u0438\u043b\u044c\u043e\u0432\u0438\u0445 \u0437\u043e\u043d\u0434\u0456\u0432 (WZ1, WZ2)",
        "description": "\u041a\u043e\u043c\u043f\u043b\u0435\u043a\u0441 \u0437 \u0434\u0432\u043e\u0445 \u0445\u0432\u0438\u043b\u044c\u043e\u0432\u0438\u0445 \u0437\u043e\u043d\u0434\u0456\u0432 (WZ1, WZ2), \u0449\u043e \u0432\u0438\u043c\u0456\u0440\u044e\u044e\u0442\u044c \u0434\u0432\u0456 \u043e\u0440\u0442\u043e\u0433\u043e\u043d\u0430\u043b\u044c\u043d\u0456 \u043a\u043e\u043c\u043f\u043e\u043d\u0435\u043d\u0442\u0438 \u0437\u043c\u0456\u043d\u043d\u043e\u0433\u043e \u043c\u0430\u0433\u043d\u0456\u0442\u043d\u043e\u0433\u043e \u043f\u043e\u043b\u044f (Bx, By) \u0442\u0430 \u0434\u0432\u0456 \u043a\u043e\u043c\u043f\u043e\u043d\u0435\u043d\u0442\u0438 \u0433\u0443\u0441\u0442\u0438\u043d\u0438 \u0437\u043c\u0456\u043d\u043d\u043e\u0433\u043e \u0435\u043b\u0435\u043a\u0442\u0440\u0438\u0447\u043d\u043e\u0433\u043e \u0441\u0442\u0440\u0443\u043c\u0443 (Jxz, Jyz)",
        "master": 5,
        "language_code": "uk"
    }
},
{
    "model": "backend_api.devicetranslation",
    "pk": 10,
    "fields": {
        "name": "Set of 2 Wave probes (WZ1, WZ2)",
        "description": "A complex of two wave probes (WZ1, WZ2) measuring two orthogonal variable components of the magnetic field (Bx, By) and two variable components of the current electric density (Jxz, Jyz)",
        "master": 5,
        "language_code": "en"
    }
},
{
    "model": "backend_api.devicetranslation",
    "pk": 11,
    "fields": {
        "name": "Faraday cups (FC1, FC2)",
        "description": "",
        "master": 6,
        "language_code": "en"
    }
},
{
    "model": "backend_api.devicetranslation",
    "pk": 12,
    "fields": {
        "name": "Rogowski coil",
        "description": "",
        "master": 7,
        "language_code": "en"
    }
},
{
    "model": "backend_api.devicetranslation",
    "pk": 13,
    "fields": {
        "name": "Fluxgate magnetometer FZM",
        "description": "",
        "master": 8,
        "language_code": "en"
    }
},
{
    "model": "backend_api.devicetranslation",
    "pk": 14,
    "fields": {
        "name": "ScanPol",
        "description": "The ScanPol is a multispectral scanning polarimeter with six spectral channels in the near\r\nultraviolet (NUV), visible (VIS) and shortwave infrared (SWIR) spectral channels. The spectral\r\nchannels are centered at the wavelengths 370, 410, 555, 865, 1378, 1610 nm.",
        "master": 9,
        "language_code": "en"
    }
},
{
    "model": "backend_api.devicetranslation",
    "pk": 15,
    "fields": {
        "name": "ScanPol",
        "description": "ScanPol - \u0446\u0435 \u0431\u0430\u0433\u0430\u0442\u043e\u0441\u043f\u0435\u043a\u0442\u0440\u0430\u043b\u044c\u043d\u0438\u0439 \u0441\u043a\u0430\u043d\u0443\u044e\u0447\u0438\u0439 \u043f\u043e\u043b\u044f\u0440\u0438\u043c\u0435\u0442\u0440 \u0456\u0437 \u0448\u0456\u0441\u0442\u044c\u043c\u0430 \u0441\u043f\u0435\u043a\u0442\u0440\u0430\u043b\u044c\u043d\u0438\u043c\u0438 \u043a\u0430\u043d\u0430\u043b\u0430\u043c\u0438 \u0443 \u0431\u043b\u0438\u0436\u043d\u044c\u043e\u043c\u0443 \u0443\u043b\u044c\u0442\u0440\u0430\u0444\u0456\u043e\u043b\u0435\u0442\u043e\u0432\u043e\u043c\u0443 (NUV), \u0432\u0438\u0434\u0438\u043c\u043e\u043c\u0443 (VIS) \u0442\u0430 \u043a\u043e\u0440\u043e\u0442\u043a\u043e\u0445\u0432\u0438\u043b\u044c\u043e\u0432\u043e\u043c\u0443 \u0456\u043d\u0444\u0440\u0430\u0447\u0435\u0440\u0432\u043e\u043d\u0438\u0445 (SWIR) \u0441\u043f\u0435\u043a\u0442\u0440\u0430\u043b\u044c\u043d\u0438\u0445 \u043a\u0430\u043d\u0430\u043b\u0430\u0445. \u0421\u043f\u0435\u043a\u0442\u0440\u0430\u043b\u044c\u043d\u0456 \u043a\u0430\u043d\u0430\u043b\u0438 \u0437\u043e\u0441\u0435\u0440\u0435\u0434\u0436\u0435\u043d\u0456 \u043d\u0430 \u0434\u043e\u0432\u0436\u0438\u043d\u0430\u0445 \u0445\u0432\u0438\u043b\u044c 370, 410, 555, 865, 1378, 1610 \u043d\u043c.",
        "master": 9,
        "language_code": "uk"
    }
},
{
    "model": "backend_api.device",
    "pk": 1,
    "fields": {
        "space_project": 1
    }
},
{
    "model": "backend_api.device",
    "pk": 2,
    "fields": {
        "space_project": 1
    }
},
{
    "model": "backend_api.device",
    "pk": 3,
    "fields": {
        "space_project": 1
    }
},
{
    "model": "backend_api.device",
    "pk": 4,
    "fields": {
        "space_project": 2
    }
},
{
    "model": "backend_api.device",
    "pk": 5,
    "fields": {
        "space_project": 2
    }
},
{
    "model": "backend_api.device",
    "pk": 6,
    "fields": {
        "space_project": 2
    }
},
{
    "model": "backend_api.device",
    "pk": 7,
    "fields": {
        "space_project": 2
    }
},
{
    "model": "backend_api.device",
    "pk": 8,
    "fields": {
        "space_project": 2
    }
},
{
    "model": "backend_api.device",
    "pk": 9,
    "fields": {
        "space_project": 3
    }
},
{
    "model": "backend_api.unittranslation",
    "pk": 1,
    "fields": {
        "short_name": "V",
        "long_name": "Volts",
        "master": 1,
        "language_code": "en"
    }
},
{
    "model": "backend_api.unittranslation",
    "pk": 2,
    "fields": {
        "short_name": "\u0412",
        "long_name": "\u0412\u043e\u043b\u044c\u0442\u0438",
        "master": 1,
        "language_code": "uk"
    }
},
{
    "model": "backend_api.unittranslation",
    "pk": 3,
    "fields": {
        "short_name": "V\u22c5m\u22121",
        "long_name": "Volts per metre",
        "master": 2,
        "language_code": "en"
    }
},
{
    "model": "backend_api.unittranslation",
    "pk": 4,
    "fields": {
        "short_name": "\u0412\u22c5\u043c\u22121",
        "long_name": "\u0412\u043e\u043b\u044c\u0442 \u043d\u0430 \u043c\u0435\u0442\u0440",
        "master": 2,
        "language_code": "uk"
    }
},
{
    "model": "backend_api.unittranslation",
    "pk": 5,
    "fields": {
        "short_name": "nT",
        "long_name": "Nanotesla",
        "master": 3,
        "language_code": "en"
    }
},
{
    "model": "backend_api.unittranslation",
    "pk": 6,
    "fields": {
        "short_name": "\u043d\u0422\u043b",
        "long_name": "\u041d\u0430\u043d\u043e\u0442\u0435\u0441\u043b\u0430",
        "master": 3,
        "language_code": "uk"
    }
},
{
    "model": "backend_api.unittranslation",
    "pk": 7,
    "fields": {
        "short_name": "A\u22c5cm\u22122",
        "long_name": "Amper per square centimetre",
        "master": 4,
        "language_code": "en"
    }
},
{
    "model": "backend_api.unittranslation",
    "pk": 8,
    "fields": {
        "short_name": "\u0410\u22c5\u0441\u043c\u22122",
        "long_name": "\u0410\u043c\u043f\u0435\u0440 \u043d\u0430 \u0441\u0430\u043d\u0442\u0438\u043c\u0435\u0442\u0440 \u043a\u0432\u0430\u0434\u0440\u0430\u0442\u043d\u0438\u0439",
        "master": 4,
        "language_code": "uk"
    }
},
{
    "model": "backend_api.unittranslation",
    "pk": 9,
    "fields": {
        "short_name": "A",
        "long_name": "Amper",
        "master": 5,
        "language_code": "en"
    }
},
{
    "model": "backend_api.unittranslation",
    "pk": 10,
    "fields": {
        "short_name": "\u0410",
        "long_name": "\u0410\u043c\u043f\u0435\u0440",
        "master": 5,
        "language_code": "uk"
    }
},
{
    "model": "backend_api.unit",
    "pk": 1,
    "fields": {}
},
{
    "model": "backend_api.unit",
    "pk": 2,
    "fields": {}
},
{
    "model": "backend_api.unit",
    "pk": 3,
    "fields": {}
},
{
    "model": "backend_api.unit",
    "pk": 4,
    "fields": {}
},
{
    "model": "backend_api.unit",
    "pk": 5,
    "fields": {}
},
{
    "model": "backend_api.valuetranslation",
    "pk": 1,
    "fields": {
        "name": "Electric potential",
        "description": "Electric field potential",
        "master": 1,
        "language_code": "en"
    }
},
{
    "model": "backend_api.valuetranslation",
    "pk": 2,
    "fields": {
        "name": "\u041f\u043e\u0442\u0435\u043d\u0446\u0456\u0430\u043b \u0435\u043b\u0435\u043a\u0442\u0440\u0438\u0447\u043d\u043e\u0433\u043e \u043f\u043e\u043b\u044f",
        "description": "\u041f\u043e\u0442\u0435\u043d\u0446\u0456\u0430\u043b \u0435\u043b\u0435\u043a\u0442\u0440\u0438\u0447\u043d\u043e\u0433\u043e \u043f\u043e\u043b\u044f (\u0435\u043b\u0435\u043a\u0442\u0440\u043e\u0441\u0442\u0430\u0442\u0438\u0447\u043d\u0438\u0439 \u043f\u043e\u0442\u0435\u043d\u0446\u0456\u0430\u043b)",
        "master": 1,
        "language_code": "uk"
    }
},
{
    "model": "backend_api.valuetranslation",
    "pk": 3,
    "fields": {
        "name": "Electric potential difference",
        "description": "",
        "master": 2,
        "language_code": "en"
    }
},
{
    "model": "backend_api.valuetranslation",
    "pk": 4,
    "fields": {
        "name": "\u0420\u0456\u0437\u043d\u0438\u0446\u044f \u0435\u043b\u0435\u043a\u0442\u0440\u0438\u0447\u043d\u0438\u0445 \u043f\u043e\u0442\u0435\u043d\u0446\u0456\u0430\u043b\u0456\u0432",
        "description": "",
        "master": 2,
        "language_code": "uk"
    }
},
{
    "model": "backend_api.valuetranslation",
    "pk": 5,
    "fields": {
        "name": "Electric field",
        "description": "",
        "master": 3,
        "language_code": "en"
    }
},
{
    "model": "backend_api.valuetranslation",
    "pk": 6,
    "fields": {
        "name": "\u0412\u0435\u043a\u0442\u043e\u0440 \u043d\u0430\u043f\u0440\u0443\u0436\u0435\u043d\u043d\u043e\u0441\u0442\u0456 \u0435\u043b\u0435\u043a\u0442\u0440\u0438\u0447\u043d\u043e\u0433\u043e \u043f\u043e\u043b\u044f",
        "description": "",
        "master": 3,
        "language_code": "uk"
    }
},
{
    "model": "backend_api.valuetranslation",
    "pk": 7,
    "fields": {
        "name": "Magnetic field",
        "description": "",
        "master": 4,
        "language_code": "en"
    }
},
{
    "model": "backend_api.valuetranslation",
    "pk": 8,
    "fields": {
        "name": "\u0412\u0435\u043a\u0442\u043e\u0440 \u0456\u043d\u0434\u0443\u043a\u0446\u0456\u0457 \u043c\u0430\u0433\u043d\u0456\u0442\u043d\u043e\u0433\u043e \u043f\u043e\u043b\u044f",
        "description": "",
        "master": 4,
        "language_code": "uk"
    }
},
{
    "model": "backend_api.valuetranslation",
    "pk": 9,
    "fields": {
        "name": "Current density",
        "description": "Electric current density",
        "master": 5,
        "language_code": "en"
    }
},
{
    "model": "backend_api.valuetranslation",
    "pk": 10,
    "fields": {
        "name": "Current",
        "description": "",
        "master": 6,
        "language_code": "en"
    }
},
{
    "model": "backend_api.valuetranslation",
    "pk": 11,
    "fields": {
        "name": "\u0421\u0442\u0440\u0443\u043c",
        "description": "",
        "master": 6,
        "language_code": "uk"
    }
},
{
    "model": "backend_api.value",
    "pk": 1,
    "fields": {
        "short_name": "Ve",
        "units": 1
    }
},
{
    "model": "backend_api.value",
    "pk": 2,
    "fields": {
        "short_name": "\u0394Ve",
        "units": 1
    }
},
{
    "model": "backend_api.value",
    "pk": 3,
    "fields": {
        "short_name": "E",
        "units": 2
    }
},
{
    "model": "backend_api.value",
    "pk": 4,
    "fields": {
        "short_name": "B",
        "units": 3
    }
},
{
    "model": "backend_api.value",
    "pk": 5,
    "fields": {
        "short_name": "j",
        "units": 4
    }
},
{
    "model": "backend_api.value",
    "pk": 6,
    "fields": {
        "short_name": "Current",
        "units": 5
    }
},
{
    "model": "backend_api.channeltranslation",
    "pk": 1,
    "fields": {
        "name": "EZ low-frequency channel",
        "description": "Low-frequency channel of the electric potential measurement (1Hz)",
        "master": 1,
        "language_code": "en"
    }
},
{
    "model": "backend_api.channeltranslation",
    "pk": 2,
    "fields": {
        "name": "EZ \u043d\u0438\u0437\u044c\u043a\u043e\u0447\u0430\u0441\u0442\u043e\u0442\u043d\u0438\u0439 \u043a\u0430\u043d\u0430\u043b",
        "description": "\u041d\u0438\u0437\u044c\u043a\u043e\u0447\u0430\u0441\u0442\u043e\u0442\u043d\u0438\u0439 \u043a\u0430\u043d\u0430\u043b \u0432\u0438\u043c\u0456\u0440\u044e\u0432\u0430\u043d\u043d\u044f \u043f\u043e\u0442\u0435\u043d\u0446\u0456\u0430\u043b\u0443 \u0435\u043b\u0435\u043a\u0442\u0440\u0438\u0447\u043d\u043e\u0433\u043e \u043f\u043e\u043b\u044f  (1 \u0413\u0446)",
        "master": 1,
        "language_code": "uk"
    }
},
{
    "model": "backend_api.channeltranslation",
    "pk": 3,
    "fields": {
        "name": "EZ high-frequency channel",
        "description": "High-frequency channel of the electric potential measurement (1kHz)",
        "master": 2,
        "language_code": "en"
    }
},
{
    "model": "backend_api.channeltranslation",
    "pk": 4,
    "fields": {
        "name": "EZ \u0432\u0438\u0441\u043e\u043a\u043e\u0447\u0430\u0441\u0442\u043e\u0442\u043d\u0438\u0439 \u043a\u0430\u043d\u0430\u043b",
        "description": "\u0412\u0438\u0441\u043e\u043a\u043e\u0447\u0430\u0441\u0442\u043e\u0442\u043d\u0438\u0439 \u043a\u0430\u043d\u0430\u043b \u0432\u0438\u043c\u0456\u0440\u044e\u0432\u0430\u043d\u043d\u044f \u043f\u043e\u0442\u0435\u043d\u0446\u0456\u0430\u043b\u0443 \u0435\u043b\u0435\u043a\u0442\u0440\u0438\u0447\u043d\u043e\u0433\u043e \u043f\u043e\u043b\u044f  (1 \u043a\u0413\u0446)",
        "master": 2,
        "language_code": "uk"
    }
},
{
    "model": "backend_api.channeltranslation",
    "pk": 5,
    "fields": {
        "name": "\u0394E1, \u0394E2, \u0394E3",
        "description": "\u0394E1 = EZ1 - EZ4 \r\n\u0394E2 = EZ1 - EZ3\r\n\u0394E3 = EZ1 - EZ3",
        "master": 3,
        "language_code": "en"
    }
},
{
    "model": "backend_api.channeltranslation",
    "pk": 6,
    "fields": {
        "name": "Bx~, By~ (not calibrated)",
        "description": "",
        "master": 4,
        "language_code": "en"
    }
},
{
    "model": "backend_api.channeltranslation",
    "pk": 7,
    "fields": {
        "name": "Jxz~, Jyz~ (not calibrated)",
        "description": "",
        "master": 5,
        "language_code": "en"
    }
},
{
    "model": "backend_api.channeltranslation",
    "pk": 8,
    "fields": {
        "name": "\u0394E1, \u0394E2, \u0394E3",
        "description": "\u0394E1 = EZ1 - EZ4 \r\n\u0394E2 = EZ1 - EZ3\r\n\u0394E3 = EZ1 - EZ3",
        "master": 3,
        "language_code": "uk"
    }
},
{
    "model": "backend_api.channeltranslation",
    "pk": 9,
    "fields": {
        "name": "Bx~, By~ (\u043d\u0435 \u0442\u0430\u0440\u0438\u0440\u043e\u0432\u0430\u043d\u0456)",
        "description": "",
        "master": 4,
        "language_code": "uk"
    }
},
{
    "model": "backend_api.channeltranslation",
    "pk": 10,
    "fields": {
        "name": "Jxz~, Jyz~ (\u043d\u0435 \u0442\u0430\u0440\u0438\u0440\u043e\u0432\u0430\u043d\u0456)",
        "description": "",
        "master": 5,
        "language_code": "uk"
    }
},
{
    "model": "backend_api.channeltranslation",
    "pk": 11,
    "fields": {
        "name": "\u0394E1=, \u0394E2=, \u0394E3=",
        "description": "",
        "master": 6,
        "language_code": "en"
    }
},
{
    "model": "backend_api.channeltranslation",
    "pk": 12,
    "fields": {
        "name": "FC1~, FC2~",
        "description": "",
        "master": 7,
        "language_code": "en"
    }
},
{
    "model": "backend_api.channeltranslation",
    "pk": 13,
    "fields": {
        "name": "JF~",
        "description": "",
        "master": 8,
        "language_code": "en"
    }
},
{
    "model": "backend_api.channeltranslation",
    "pk": 14,
    "fields": {
        "name": "Bx, By, Bz",
        "description": "",
        "master": 9,
        "language_code": "en"
    }
},
{
    "model": "backend_api.channeltranslation",
    "pk": 15,
    "fields": {
        "name": "FC1=, FC2=",
        "description": "",
        "master": 10,
        "language_code": "en"
    }
},
{
    "model": "backend_api.channeltranslation",
    "pk": 16,
    "fields": {
        "name": "w_370",
        "description": "The spectral channel is centered on a wavelength of 370 nm",
        "master": 11,
        "language_code": "en"
    }
},
{
    "model": "backend_api.channeltranslation",
    "pk": 17,
    "fields": {
        "name": "w_410",
        "description": "The spectral channel is centered on a wavelength of 410 nm",
        "master": 12,
        "language_code": "en"
    }
},
{
    "model": "backend_api.channeltranslation",
    "pk": 18,
    "fields": {
        "name": "w_370",
        "description": "\u0421\u043f\u0435\u043a\u0442\u0440\u0430\u043b\u044c\u043d\u0438\u0439 \u043a\u0430\u043d\u0430\u043b, \u0449\u043e \u0432\u0456\u0434\u043f\u043e\u0432\u0456\u0434\u0430\u0454 \u0434\u043e\u0432\u0436\u0438\u043d\u0456 \u0445\u0432\u0438\u043b\u0456 370 \u043d\u043c",
        "master": 11,
        "language_code": "uk"
    }
},
{
    "model": "backend_api.channeltranslation",
    "pk": 19,
    "fields": {
        "name": "w_410",
        "description": "\u0421\u043f\u0435\u043a\u0442\u0440\u0430\u043b\u044c\u043d\u0438\u0439 \u043a\u0430\u043d\u0430\u043b, \u0449\u043e \u0432\u0456\u0434\u043f\u043e\u0432\u0456\u0434\u0430\u0454 \u0434\u043e\u0432\u0436\u0438\u043d\u0456 \u0445\u0432\u0438\u043b\u0456 410 \u043d\u043c",
        "master": 12,
        "language_code": "uk"
    }
},
{
    "model": "backend_api.channeltranslation",
    "pk": 20,
    "fields": {
        "name": "w_555",
        "description": "The spectral channel is centered on a wavelength of 555 nm",
        "master": 13,
        "language_code": "en"
    }
},
{
    "model": "backend_api.channeltranslation",
    "pk": 21,
    "fields": {
        "name": "w_555",
        "description": "\u0421\u043f\u0435\u043a\u0442\u0440\u0430\u043b\u044c\u043d\u0438\u0439 \u043a\u0430\u043d\u0430\u043b, \u0449\u043e \u0432\u0456\u0434\u043f\u043e\u0432\u0456\u0434\u0430\u0454 \u0434\u043e\u0432\u0436\u0438\u043d\u0456 \u0445\u0432\u0438\u043b\u0456 555 \u043d\u043c",
        "master": 13,
        "language_code": "uk"
    }
},
{
    "model": "backend_api.channeltranslation",
    "pk": 22,
    "fields": {
        "name": "w_865",
        "description": "The spectral channel is centered on a wavelength of 865 nm",
        "master": 14,
        "language_code": "en"
    }
},
{
    "model": "backend_api.channeltranslation",
    "pk": 23,
    "fields": {
        "name": "w_865",
        "description": "\u0421\u043f\u0435\u043a\u0442\u0440\u0430\u043b\u044c\u043d\u0438\u0439 \u043a\u0430\u043d\u0430\u043b, \u0449\u043e \u0432\u0456\u0434\u043f\u043e\u0432\u0456\u0434\u0430\u0454 \u0434\u043e\u0432\u0436\u0438\u043d\u0456 \u0445\u0432\u0438\u043b\u0456 865 \u043d\u043c",
        "master": 14,
        "language_code": "uk"
    }
},
{
    "model": "backend_api.channeltranslation",
    "pk": 24,
    "fields": {
        "name": "w_1378",
        "description": "The spectral channel is centered on a wavelength of 1378 nm",
        "master": 15,
        "language_code": "en"
    }
},
{
    "model": "backend_api.channeltranslation",
    "pk": 25,
    "fields": {
        "name": "w_1378",
        "description": "\u0421\u043f\u0435\u043a\u0442\u0440\u0430\u043b\u044c\u043d\u0438\u0439 \u043a\u0430\u043d\u0430\u043b, \u0449\u043e \u0432\u0456\u0434\u043f\u043e\u0432\u0456\u0434\u0430\u0454 \u0434\u043e\u0432\u0436\u0438\u043d\u0456 \u0445\u0432\u0438\u043b\u0456 1378 \u043d\u043c",
        "master": 15,
        "language_code": "uk"
    }
},
{
    "model": "backend_api.channeltranslation",
    "pk": 26,
    "fields": {
        "name": "w_1610",
        "description": "The spectral channel is centered on a wavelength of 1610 nm",
        "master": 16,
        "language_code": "en"
    }
},
{
    "model": "backend_api.channeltranslation",
    "pk": 27,
    "fields": {
        "name": "w_1610",
        "description": "\u0421\u043f\u0435\u043a\u0442\u0440\u0430\u043b\u044c\u043d\u0438\u0439 \u043a\u0430\u043d\u0430\u043b, \u0449\u043e \u0432\u0456\u0434\u043f\u043e\u0432\u0456\u0434\u0430\u0454 \u0434\u043e\u0432\u0436\u0438\u043d\u0456 \u0445\u0432\u0438\u043b\u0456 1610 \u043d\u043c",
        "master": 16,
        "language_code": "uk"
    }
},
{
    "model": "backend_api.channel",
    "pk": 1,
    "fields": {
        "value": 1,
        "exponent": -3,
        "device": 1,
        "klass": 8,
        "labels": "[\"ez/lf/0\"]"
    }
},
{
    "model": "backend_api.channel",
    "pk": 2,
    "fields": {
        "value": 1,
        "exponent": -3,
        "device": 1,
        "klass": 8,
        "labels": "[\"ez/hf/00\"]"
    }
},
{
    "model": "backend_api.channel",
    "pk": 3,
    "fields": {
        "value": 2,
        "exponent": 0,
        "device": 4,
        "klass": 1,
        "labels": "[\"E1~\", \"E2~\", \"E3~\"]"
    }
},
{
    "model": "backend_api.channel",
    "pk": 4,
    "fields": {
        "value": 1,
        "exponent": 0,
        "device": 5,
        "klass": 6,
        "labels": "[\"Bx~\", \"By~\"]"
    }
},
{
    "model": "backend_api.channel",
    "pk": 5,
    "fields": {
        "value": 1,
        "exponent": 0,
        "device": 5,
        "klass": 6,
        "labels": "[\"Jxz~\", \"Jyz~\"]"
    }
},
{
    "model": "backend_api.channel",
    "pk": 6,
    "fields": {
        "value": 2,
        "exponent": 0,
        "device": 4,
        "klass": 2,
        "labels": "[\"E1=\", \"E2=\", \"E3=\"]"
    }
},
{
    "model": "backend_api.channel",
    "pk": 7,
    "fields": {
        "value": 5,
        "exponent": 0,
        "device": 6,
        "klass": 7,
        "labels": "[\"FC1~\", \"FC2~\"]"
    }
},
{
    "model": "backend_api.channel",
    "pk": 8,
    "fields": {
        "value": 5,
        "exponent": 0,
        "device": 7,
        "klass": 8,
        "labels": "[\"JF~\"]"
    }
},
{
    "model": "backend_api.channel",
    "pk": 9,
    "fields": {
        "value": 4,
        "exponent": 0,
        "device": 8,
        "klass": 5,
        "labels": "[\"Bx\", \"By\", \"Bz\"]"
    }
},
{
    "model": "backend_api.channel",
    "pk": 10,
    "fields": {
        "value": 5,
        "exponent": 0,
        "device": 6,
        "klass": 7,
        "labels": "[\"FC1=\", \"FC2=\"]"
    }
},
{
    "model": "backend_api.channel",
    "pk": 11,
    "fields": {
        "value": 6,
        "exponent": 0,
        "device": 9,
        "klass": 8,
        "labels": "[\"w_370_label\"]"
    }
},
{
    "model": "backend_api.channel",
    "pk": 12,
    "fields": {
        "value": 6,
        "exponent": 0,
        "device": 9,
        "klass": 8,
        "labels": "[\"w_410_label\"]"
    }
},
{
    "model": "backend_api.channel",
    "pk": 13,
    "fields": {
        "value": 6,
        "exponent": 0,
        "device": 9,
        "klass": 8,
        "labels": "[\"w_555_label\"]"
    }
},
{
    "model": "backend_api.channel",
    "pk": 14,
    "fields": {
        "value": 6,
        "exponent": 0,
        "device": 9,
        "klass": 1,
        "labels": "[\"w_865_label\"]"
    }
},
{
    "model": "backend_api.channel",
    "pk": 15,
    "fields": {
        "value": 6,
        "exponent": 0,
        "device": 9,
        "klass": 8,
        "labels": "[\"w_1378_label\"]"
    }
},
{
    "model": "backend_api.channel",
    "pk": 16,
    "fields": {
        "value": 6,
        "exponent": 0,
        "device": 9,
        "klass": 8,
        "labels": "[\"w_1610_label\"]"
    }
},
{
    "model": "backend_api.parametertranslation",
    "pk": 1,
    "fields": {
        "name": "V (electric potential LF Fs = 1 Hz)",
        "description": "Electric potential measured in low frequency (Fs = 1 Hz)",
        "master": 1,
        "language_code": "en"
    }
},
{
    "model": "backend_api.parametertranslation",
    "pk": 2,
    "fields": {
        "name": "V (\u0435\u043b\u0435\u043a\u0442\u0438\u0447\u043d\u0438\u0439 \u043f\u043e\u0442\u0435\u043d\u0446\u0456\u0430\u043b LF Fs = 1 \u0413\u0446)",
        "description": "\u041d\u0438\u0437\u044c\u043a\u043e\u0447\u0430\u0441\u0442\u043e\u0442\u043d\u0456 \u0432\u0438\u043c\u0456\u0440\u044e\u0432\u0430\u043d\u043d\u044f \u0435\u043b\u0435\u043a\u0442\u0438\u0447\u043d\u043e\u0433\u043e \u043f\u043e\u0442\u0435\u043d\u0446\u0456\u0430\u043b\u0443 (Fs = 1 \u0413\u0446)",
        "master": 1,
        "language_code": "uk"
    }
},
{
    "model": "backend_api.parametertranslation",
    "pk": 3,
    "fields": {
        "name": "V (\u0435\u043b\u0435\u043a\u0442\u0438\u0447\u043d\u0438\u0439 \u043f\u043e\u0442\u0435\u043d\u0446\u0456\u0430\u043b HF Fs = 1 \u043a\u0413\u0446)",
        "description": "\u0412\u0438\u0441\u043e\u043a\u043e\u0447\u0430\u0441\u0442\u043e\u0442\u043d\u0456 \u0432\u0438\u043c\u0456\u0440\u044e\u0432\u0430\u043d\u043d\u044f \u0435\u043b\u0435\u043a\u0442\u0438\u0447\u043d\u043e\u0433\u043e \u043f\u043e\u0442\u0435\u043d\u0446\u0456\u0430\u043b\u0443 (Fs = 1 \u043a\u0413\u0446)",
        "master": 2,
        "language_code": "uk"
    }
},
{
    "model": "backend_api.parametertranslation",
    "pk": 4,
    "fields": {
        "name": "V (electric potential HF Fs = 1 kHz)",
        "description": "Electric potential measured in high frequency (Fs = 1 kHz)",
        "master": 2,
        "language_code": "en"
    }
},
{
    "model": "backend_api.parametertranslation",
    "pk": 5,
    "fields": {
        "name": "Ex, Ey, Ez (three components of electric field HF)",
        "description": "",
        "master": 3,
        "language_code": "en"
    }
},
{
    "model": "backend_api.parametertranslation",
    "pk": 6,
    "fields": {
        "name": "Ex, Ey, Ez (\u0442\u0440\u0438 \u043a\u043e\u043c\u043f\u043e\u043d\u0435\u043d\u0442\u0438 \u0432\u0435\u043a\u0442\u043e\u0440\u0443 \u043d\u0430\u043f\u0440\u0443\u0436\u0435\u043d\u043d\u043e\u0441\u0442\u0456 \u0435\u043b\u0435\u043a\u0442\u0440\u0438\u0447\u043d\u043e\u0433\u043e \u043f\u043e\u043b\u044f HF Fs = 31.25 \u043a\u0413\u0446)",
        "description": "",
        "master": 3,
        "language_code": "uk"
    }
},
{
    "model": "backend_api.parametertranslation",
    "pk": 7,
    "fields": {
        "name": "Bx, By (two components of magnetic field HF)",
        "description": "",
        "master": 4,
        "language_code": "en"
    }
},
{
    "model": "backend_api.parametertranslation",
    "pk": 8,
    "fields": {
        "name": "Bx, By (\u0434\u0432\u0456 \u043a\u043e\u043c\u043f\u043e\u043d\u0435\u043d\u0442\u0438 \u043c\u0430\u0433\u043d\u0456\u0442\u043d\u043e\u0433\u043e \u043f\u043e\u043b\u044f HF Fs = 31,25 \u043a\u0413\u0446)",
        "description": "",
        "master": 4,
        "language_code": "uk"
    }
},
{
    "model": "backend_api.parametertranslation",
    "pk": 9,
    "fields": {
        "name": "Jxz, Jyz (two components of current density)",
        "description": "",
        "master": 5,
        "language_code": "en"
    }
},
{
    "model": "backend_api.parametertranslation",
    "pk": 10,
    "fields": {
        "name": "Jxz, Jyz (\u0434\u0432\u0456 \u043a\u043e\u043c\u043f\u043e\u043d\u0435\u043d\u0442\u0438 \u0433\u0443\u0441\u0442\u0438\u043d\u0438 \u0435\u043b\u0435\u043a\u0442\u0440\u0438\u0447\u043d\u043e\u0433\u043e \u0441\u0442\u0440\u0443\u043c\u0443 Fs = 31.25 \u043a\u0413\u0446)",
        "description": "",
        "master": 5,
        "language_code": "uk"
    }
},
{
    "model": "backend_api.parametertranslation",
    "pk": 11,
    "fields": {
        "name": "E1=, E2=, E3= (three components of electric field LF)",
        "description": "",
        "master": 6,
        "language_code": "en"
    }
},
{
    "model": "backend_api.parametertranslation",
    "pk": 12,
    "fields": {
        "name": "\u0394FC~",
        "description": "",
        "master": 7,
        "language_code": "en"
    }
},
{
    "model": "backend_api.parametertranslation",
    "pk": 13,
    "fields": {
        "name": "JF~ (current density)",
        "description": "",
        "master": 8,
        "language_code": "en"
    }
},
{
    "model": "backend_api.parametertranslation",
    "pk": 14,
    "fields": {
        "name": "Bx, By, Bz (three components of magnetic field)",
        "description": "",
        "master": 9,
        "language_code": "en"
    }
},
{
    "model": "backend_api.parametertranslation",
    "pk": 15,
    "fields": {
        "name": "\u0394FC=",
        "description": "",
        "master": 10,
        "language_code": "en"
    }
},
{
    "model": "backend_api.parameter",
    "pk": 1,
    "fields": {
        "value": 1,
        "exponent": -3,
        "channel": 1,
        "klass": 8
    }
},
{
    "model": "backend_api.parameter",
    "pk": 2,
    "fields": {
        "value": 1,
        "exponent": -3,
        "channel": 2,
        "klass": 8
    }
},
{
    "model": "backend_api.parameter",
    "pk": 3,
    "fields": {
        "value": 3,
        "exponent": 0,
        "channel": 3,
        "klass": 1
    }
},
{
    "model": "backend_api.parameter",
    "pk": 4,
    "fields": {
        "value": 4,
        "exponent": 0,
        "channel": 4,
        "klass": 6
    }
},
{
    "model": "backend_api.parameter",
    "pk": 5,
    "fields": {
        "value": 5,
        "exponent": 0,
        "channel": 5,
        "klass": 6
    }
},
{
    "model": "backend_api.parameter",
    "pk": 6,
    "fields": {
        "value": 2,
        "exponent": 0,
        "channel": 6,
        "klass": 2
    }
},
{
    "model": "backend_api.parameter",
    "pk": 7,
    "fields": {
        "value": 5,
        "exponent": 0,
        "channel": 7,
        "klass": 7
    }
},
{
    "model": "backend_api.parameter",
    "pk": 8,
    "fields": {
        "value": 5,
        "exponent": 0,
        "channel": 8,
        "klass": 8
    }
},
{
    "model": "backend_api.parameter",
    "pk": 9,
    "fields": {
        "value": 4,
        "exponent": 0,
        "channel": 9,
        "klass": 5
    }
},
{
    "model": "backend_api.parameter",
    "pk": 10,
    "fields": {
        "value": 5,
        "exponent": 0,
        "channel": 10,
        "klass": 7
    }
}
]
